{
  "exports": {
    "default": {
      "name": "MyPlugin",
      "version": "1.0.0",
      "description": {
        "info": "An example plugin exporting components...",
        "authors": {
          "name": "Benoît Lahoz",
          "email": "info@benoitlahoz.io",
          "url": "www.benoitlahoz.io"
        }
      },
      "dependencies": {
        "three": "0.170.0"
      },
      "components": [
        "JokeComponent",
        "ThreeComponent",
        {
          "name": "LoaderComponent",
          "export": "LoaderComponent",
          "description": "A CSS loader."
        },
        {
          "name": "WeatherComponent",
          "description": {
            "info": "A widget that fetches weather.",
            "authors": [
              {
                "name": "Benoît Lahoz",
                "email": "info@benoitlahoz.io",
                "url": "www.benoitlahoz.io"
              }
            ],
            "contributors": [
              {
                "name": "John Doe",
                "email": "john@doe.com",
                "url": "www.johndoe.com"
              }
            ]
          },
          "export": "WeatherComponent"
        },
        {}
      ]
    },
    "components": false,
    "directives": false
  }
}